t,T1,Q1
0,17.998,0.0
1,17.998,0.0
2,17.998,0.0
3,17.998,0.0
4,17.998,0.0
5,17.998,0.0
6,17.998,0.0
7,17.998,0.0
8,17.998,0.0
9,17.998,0.0
10,18.063,0.0
11,17.998,0.0
12,17.998,0.0
13,17.998,0.0
14,17.998,0.0
15,18.739,1.0
16,18.449,1.0
17,18.868,1.0
18,18.771,1.0
19,18.514,1.0
20,18.675,1.0
21,18.804,1.0
22,18.739,1.0
23,18.868,1.0
24,18.9,1.0
25,18.675,1.0
26,19.094,1.0
27,19.126,1.0
28,18.707,1.0
29,19.319,1.0
30,19.255,1.0
31,19.255,1.0
32,19.513,1.0
33,19.674,1.0
34,19.738,1.0
35,19.803,1.0
36,19.899,1.0
37,20.189,1.0
38,20.479,1.0
39,20.447,1.0
40,20.673,1.0
41,20.931,1.0
42,20.834,1.0
43,21.027,1.0
44,21.479,1.0
45,21.414,1.0
46,21.769,1.0
47,21.833,1.0
48,22.188,1.0
49,22.478,1.0
50,22.51,1.0
51,22.639,1.0
52,23.122,1.0
53,23.154,1.0
54,23.412,1.0
55,23.605,1.0
56,23.767,1.0
57,24.186,1.0
58,24.314,1.0
59,24.25,1.0
60,24.766,1.0
61,24.959,1.0
62,25.023,1.0
63,25.313,1.0
64,25.636,1.0
65,25.797,1.0
66,26.151,1.0
67,26.248,1.0
68,26.441,1.0
69,26.925,1.0
70,27.054,1.0
71,27.054,1.0
72,27.537,1.0
73,27.827,1.0
74,28.021,1.0
75,28.278,1.0
76,28.439,1.0
77,28.858,1.0
78,29.052,1.0
79,29.02,1.0
80,29.664,1.0
81,29.632,1.0
82,29.761,1.0
83,30.276,1.0
84,30.438,1.0
85,30.566,1.0
86,30.889,1.0
87,30.985,1.0
88,31.308,1.0
89,31.469,1.0
90,31.727,1.0
91,32.017,1.0
92,32.274,1.0
93,32.371,1.0
94,32.758,1.0
95,33.112,1.0
96,33.08,1.0
97,33.306,1.0
98,33.692,1.0
99,33.918,1.0
100,33.886,1.0
101,34.369,1.0
102,34.401,1.0
103,34.724,1.0
104,34.756,1.0
105,35.078,1.0
106,35.304,1.0
107,35.433,1.0
108,35.465,1.0
109,35.819,1.0
110,35.98,1.0
111,36.109,1.0
112,36.335,1.0
113,36.657,1.0
114,36.818,1.0
115,36.979,1.0
116,37.302,1.0
117,37.431,1.0
118,37.463,1.0
119,37.817,1.0
120,38.043,1.0
121,38.236,1.0
122,38.43,1.0
123,38.784,1.0
124,38.978,1.0
125,38.978,1.0
126,39.332,1.0
127,39.654,1.0
128,39.59,1.0
129,39.719,1.0
130,39.977,1.0
131,40.267,1.0
132,40.492,1.0
133,40.621,1.0
134,40.847,1.0
135,40.943,1.0
136,40.976,1.0
137,41.298,1.0
138,41.523,1.0
139,41.523,1.0
140,41.523,1.0
141,41.813,1.0
142,41.91,1.0
143,41.975,1.0
144,42.168,1.0
145,42.426,1.0
146,42.748,1.0
147,42.813,1.0
148,42.909,1.0
149,43.231,1.0
150,43.36,1.0
151,43.425,1.0
152,43.554,1.0
153,43.779,1.0
154,43.973,1.0
155,44.069,1.0
156,44.327,1.0
157,44.392,1.0
158,44.521,1.0
159,44.778,1.0
160,44.875,1.0
161,44.972,1.0
162,44.875,1.0
163,44.907,1.0
164,45.036,1.0
165,45.004,1.0
166,45.326,1.0
167,45.487,1.0
168,45.487,1.0
169,45.455,1.0
170,45.745,1.0
171,45.777,1.0
172,45.906,1.0
173,46.003,1.0
174,46.164,1.0
175,46.68,1.0
176,46.712,1.0
177,46.776,1.0
178,46.938,1.0
179,46.97,1.0
180,46.938,1.0
181,47.324,1.0
182,47.55,1.0
183,47.679,1.0
184,47.582,1.0
185,47.872,1.0
186,48.227,1.0
187,48.291,1.0
188,48.098,1.0
189,48.452,1.0
190,48.484,1.0
191,48.581,1.0
192,48.742,1.0
193,48.871,1.0
194,48.839,1.0
195,49.161,1.0
196,49.322,1.0
197,49.387,1.0
198,49.58,1.0
199,49.645,1.0
200,49.806,1.0
201,49.902,1.0
202,50.128,1.0
203,49.902,1.0
204,50.16,1.0
205,50.289,1.0
206,50.16,1.0
207,50.482,1.0
208,50.45,1.0
209,50.515,1.0
210,50.772,1.0
211,50.869,1.0
212,50.837,1.0
213,51.03,1.0
214,51.449,1.0
215,51.32,1.0
216,51.578,1.0
217,51.643,1.0
218,51.546,1.0
219,51.804,1.0
220,51.771,1.0
221,51.965,1.0
222,51.481,0.0
223,51.578,0.0
224,51.578,0.0
225,51.578,0.0
226,51.61,0.0
227,51.675,0.0
228,51.675,0.0
229,51.739,0.0
230,51.739,0.0
231,51.804,0.0
232,51.868,0.0
233,51.836,0.0
234,51.965,0.0
235,51.9,0.0
236,51.997,0.0
237,51.933,0.0
238,51.868,0.0
239,51.836,0.0
240,51.836,0.0
241,51.804,0.0
242,51.836,0.0
243,51.643,0.0
244,51.514,0.0
245,51.514,0.0
246,51.514,0.0
247,51.481,0.0
248,51.256,0.0
249,51.224,0.0
250,51.191,0.0
251,51.03,0.0
252,50.869,0.0
253,50.869,0.0
254,50.772,0.0
255,50.547,0.0
256,50.547,0.0
257,50.418,0.0
258,50.225,0.0
259,50.225,0.0
260,50.096,0.0
261,49.902,0.0
262,49.741,0.0
263,49.58,0.0
264,49.58,0.0
265,49.322,0.0
266,49.258,0.0
267,49.161,0.0
268,49.0,0.0
269,48.936,0.0
270,48.613,0.0
271,48.613,0.0
272,48.549,0.0
273,48.291,0.0
274,48.162,0.0
275,47.969,0.0
276,47.937,0.0
277,47.646,0.0
278,47.614,0.0
279,47.324,0.0
280,47.002,0.0
281,46.97,0.0
282,46.68,0.0
283,46.583,0.0
284,46.357,0.0
285,46.035,0.0
286,46.035,0.0
287,45.777,0.0
288,45.713,0.0
289,45.648,0.0
290,45.391,0.0
291,45.294,0.0
292,45.068,0.0
293,45.036,0.0
294,44.778,0.0
295,44.746,0.0
296,44.553,0.0
297,44.424,0.0
298,44.102,0.0
299,43.876,0.0
300,43.779,0.0
301,43.457,0.0
302,43.457,0.0
303,43.135,0.0
304,43.07,0.0
305,42.813,0.0
306,42.748,0.0
307,42.587,0.0
308,42.49,0.0
309,42.168,0.0
310,42.168,0.0
311,41.878,0.0
312,41.846,0.0
313,41.588,0.0
314,41.523,0.0
315,41.266,0.0
316,41.201,0.0
317,41.072,0.0
318,40.879,0.0
319,40.718,0.0
320,40.589,0.0
321,40.524,0.0
322,40.234,0.0
323,40.234,0.0
324,40.041,0.0
325,39.912,0.0
326,39.654,0.0
327,39.59,0.0
328,39.558,0.0
329,39.268,0.0
330,39.3,0.0
331,39.074,0.0
332,38.945,0.0
333,38.849,0.0
334,38.623,0.0
335,38.43,0.0
336,38.333,0.0
337,38.333,0.0
338,37.979,0.0
339,37.914,0.0
340,37.721,0.0
341,37.656,0.0
342,37.592,0.0
343,37.334,0.0
344,37.302,0.0
345,37.012,0.0
346,37.012,0.0
347,36.786,0.0
348,36.689,0.0
349,36.689,0.0
350,36.367,0.0
351,36.367,0.0
352,36.238,0.0
353,36.045,0.0
354,36.013,0.0
355,35.819,0.0
356,35.787,0.0
357,35.69,0.0
358,35.465,0.0
359,35.4,0.0
360,35.465,0.0
361,35.207,0.0
362,35.078,0.0
363,35.078,0.0
364,34.853,0.0
365,34.756,0.0
366,34.82,0.0
367,34.434,0.0
368,34.434,0.0
369,34.337,0.0
370,34.176,0.0
371,33.982,0.0
372,33.854,0.0
373,33.757,0.0
374,33.563,0.0
375,33.467,0.0
376,33.467,0.0
377,33.177,0.0
378,33.145,0.0
379,33.08,0.0
380,32.854,0.0
381,32.822,0.0
382,32.726,0.0
383,32.5,0.0
384,32.5,0.0
385,32.468,0.0
386,32.307,0.0
387,32.178,0.0
388,32.178,0.0
389,32.049,0.0
390,31.855,0.0
391,31.92,0.0
392,31.823,0.0
393,31.598,0.0
394,31.598,0.0
395,31.533,0.0
396,31.501,0.0
397,31.404,0.0
398,31.211,0.0
399,31.211,0.0
400,31.146,0.0
401,30.985,0.0
402,30.889,0.0
403,30.889,0.0
404,30.663,0.0
405,30.566,0.0
406,30.566,0.0
407,30.405,0.0
408,30.373,0.0
409,30.244,0.0
410,30.244,0.0
411,30.18,0.0
412,30.051,0.0
413,29.954,0.0
414,29.922,0.0
415,29.89,0.0
416,29.632,0.0
417,29.6,0.0
418,29.632,0.0
419,29.31,0.0
420,29.277,0.0
421,29.31,0.0
422,29.277,0.0
423,29.213,0.0
424,29.116,0.0
425,28.955,0.0
426,28.955,0.0
427,28.955,0.0
428,28.729,0.0
429,28.633,0.0
430,28.633,0.0
431,28.472,0.0
432,28.311,0.0
433,28.343,0.0
434,28.278,0.0
435,28.149,0.0
436,28.021,0.0
437,27.988,0.0
438,27.924,0.0
439,27.698,0.0
440,27.505,0.0
441,27.666,0.0
442,27.537,0.0
443,27.344,0.0
444,27.344,0.0
445,27.344,0.0
446,27.344,0.0
447,27.279,0.0
448,27.247,0.0
449,27.054,0.0
450,27.021,0.0
451,27.021,0.0
452,26.925,0.0
453,26.957,0.0
454,26.796,0.0
455,26.764,0.0
456,26.699,0.0
457,26.699,0.0
458,26.667,0.0
459,27.215,1.0
460,27.15,1.0
461,26.989,1.0
462,27.086,1.0
463,27.118,1.0
464,26.957,1.0
465,26.828,1.0
466,27.054,1.0
467,26.925,1.0
468,26.796,1.0
469,26.925,1.0
470,27.021,1.0
471,27.118,1.0
472,26.925,1.0
473,26.957,1.0
474,27.183,1.0
475,27.15,1.0
476,27.15,1.0
477,27.376,1.0
478,27.279,1.0
479,27.247,1.0
480,27.634,1.0
481,27.473,1.0
482,27.634,1.0
483,27.634,1.0
484,27.698,1.0
485,27.956,1.0
486,28.149,1.0
487,27.988,1.0
488,28.439,1.0
489,28.568,1.0
490,28.439,1.0
491,28.826,1.0
492,28.891,1.0
493,29.148,1.0
494,29.213,1.0
495,29.277,1.0
496,29.793,1.0
497,29.857,1.0
498,29.696,1.0
499,30.18,1.0
500,30.309,1.0
501,30.47,1.0
502,30.824,1.0
503,31.114,1.0
504,31.114,1.0
505,31.372,1.0
506,31.598,1.0
507,31.888,1.0
508,32.049,1.0
509,32.339,1.0
510,32.468,1.0
511,32.919,1.0
512,33.112,1.0
513,33.338,1.0
514,33.596,1.0
515,33.854,1.0
516,34.111,1.0
517,34.24,1.0
518,34.53,1.0
519,34.917,1.0
520,34.724,1.0
521,35.175,1.0
522,35.497,1.0
523,35.69,1.0
524,35.69,1.0
525,35.916,1.0
526,36.399,1.0
527,36.432,1.0
528,36.593,1.0
529,36.818,1.0
530,37.012,1.0
531,37.334,1.0
532,37.398,1.0
533,37.495,1.0
534,37.914,1.0
535,38.107,1.0
536,38.301,1.0
537,38.43,1.0
538,38.752,1.0
539,38.72,1.0
540,39.042,1.0
541,39.203,1.0
542,39.364,1.0
543,39.332,1.0
544,39.719,1.0
545,40.073,1.0
546,40.299,1.0
547,40.267,1.0
548,40.621,1.0
549,40.814,1.0
550,40.879,1.0
551,40.943,1.0
552,41.298,1.0
553,41.491,1.0
554,41.523,1.0
555,41.942,1.0
556,42.007,1.0
557,42.071,1.0
558,42.265,1.0
559,42.522,1.0
560,42.716,1.0
561,42.587,1.0
562,42.845,1.0
563,43.167,1.0
564,43.231,1.0
565,43.489,1.0
566,43.683,1.0
567,43.747,1.0
568,43.65,1.0
569,44.069,1.0
570,44.069,1.0
571,44.166,1.0
572,44.359,1.0
573,44.682,1.0
574,44.714,1.0
575,44.811,1.0
576,44.907,1.0
577,44.972,1.0
578,45.133,1.0
579,45.423,1.0
580,45.713,1.0
581,45.713,1.0
582,45.745,1.0
583,46.003,1.0
584,46.229,1.0
585,46.422,1.0
586,46.486,1.0
587,46.647,1.0
588,46.712,1.0
589,46.905,1.0
590,46.68,1.0
591,46.938,1.0
592,47.26,1.0
593,47.356,1.0
594,47.55,1.0
595,47.453,1.0
596,47.679,1.0
597,47.711,1.0
598,47.808,1.0
599,48.13,1.0
600,48.259,1.0
601,48.355,1.0
602,48.42,1.0
603,48.742,1.0
604,48.613,1.0
605,48.839,1.0
606,49.161,1.0
607,49.258,1.0
608,49.097,1.0
609,49.451,1.0
610,49.58,1.0
611,49.741,1.0
612,49.612,1.0
613,49.999,1.0
614,49.999,1.0
615,50.031,1.0
616,50.063,1.0
617,50.321,1.0
618,50.257,1.0
619,50.547,1.0
620,50.772,1.0
621,50.708,1.0
622,50.837,1.0
623,50.934,1.0
624,51.191,1.0
625,50.547,0.0
626,50.644,0.0
627,50.772,0.0
628,50.869,0.0
629,50.869,0.0
630,51.159,0.0
631,51.159,0.0
632,51.191,0.0
633,51.224,0.0
634,51.353,0.0
635,51.481,0.0
636,51.514,0.0
637,51.514,0.0
638,51.514,0.0
639,51.514,0.0
640,51.514,0.0
641,51.514,0.0
642,51.514,0.0
643,51.385,0.0
644,51.288,0.0
645,51.191,0.0
646,51.191,0.0
647,51.191,0.0
648,51.159,0.0
649,50.901,0.0
650,50.869,0.0
651,50.772,0.0
652,50.869,0.0
653,50.74,0.0
654,50.611,0.0
655,50.547,0.0
656,50.482,0.0
657,50.321,0.0
658,50.225,0.0
659,50.063,0.0
660,49.87,0.0
661,49.87,0.0
662,49.645,0.0
663,49.548,0.0
664,49.29,0.0
665,49.226,0.0
666,49.032,0.0
667,48.936,0.0
668,48.581,0.0
669,48.355,0.0
670,48.42,0.0
671,48.291,0.0
672,48.194,0.0
673,47.969,0.0
674,47.904,0.0
675,47.679,0.0
676,47.646,0.0
677,47.356,0.0
678,47.324,0.0
679,47.131,0.0
680,47.002,0.0
681,46.744,0.0
682,46.68,0.0
683,46.357,0.0
684,46.325,0.0
685,46.067,0.0
686,46.003,0.0
687,45.745,0.0
688,45.713,0.0
689,45.391,0.0
690,45.262,0.0
691,45.068,0.0
692,44.907,0.0
693,44.746,0.0
694,44.714,0.0
695,44.424,0.0
696,44.392,0.0
697,44.102,0.0
698,44.102,0.0
699,43.908,0.0
700,43.779,0.0
701,43.554,0.0
702,43.457,0.0
703,43.199,0.0
704,43.199,0.0
705,42.813,0.0
706,42.78,0.0
707,42.716,0.0
708,42.587,0.0
709,42.49,0.0
710,42.458,0.0
711,42.168,0.0
712,41.975,0.0
713,41.878,0.0
714,41.588,0.0
715,41.523,0.0
716,41.266,0.0
717,41.201,0.0
718,40.879,0.0
719,40.879,0.0
720,40.621,0.0
721,40.557,0.0
722,40.363,0.0
723,40.234,0.0
724,40.105,0.0
725,39.912,0.0
726,39.88,0.0
727,39.622,0.0
728,39.59,0.0
729,39.268,0.0
730,39.268,0.0
731,39.139,0.0
732,38.945,0.0
733,38.913,0.0
734,38.72,0.0
735,38.623,0.0
736,38.365,0.0
737,38.301,0.0
738,38.011,0.0
739,37.979,0.0
740,37.688,0.0
741,37.656,0.0
742,37.624,0.0
743,37.431,0.0
744,37.334,0.0
745,37.237,0.0
746,37.108,0.0
747,37.012,0.0
748,36.883,0.0
749,36.722,0.0
750,36.657,0.0
751,36.496,0.0
752,36.367,0.0
753,36.367,0.0
754,36.174,0.0
755,36.077,0.0
756,36.045,0.0
757,35.916,0.0
758,35.69,0.0
759,35.723,0.0
760,35.465,0.0
761,35.465,0.0
762,35.304,0.0
763,35.078,0.0
764,35.078,0.0
765,34.82,0.0
766,34.756,0.0
767,34.563,0.0
768,34.498,0.0
769,34.434,0.0
770,34.369,0.0
771,34.144,0.0
772,34.111,0.0
773,33.886,0.0
774,33.789,0.0
775,33.757,0.0
776,33.531,0.0
777,33.531,0.0
778,33.467,0.0
779,33.306,0.0
780,33.112,0.0
781,33.145,0.0
782,32.983,0.0
783,32.854,0.0
784,32.822,0.0
785,32.822,0.0
786,32.532,0.0
787,32.5,0.0
788,32.564,0.0
789,32.371,0.0
790,32.242,0.0
791,32.146,0.0
792,31.984,0.0
793,31.855,0.0
794,31.855,0.0
795,31.63,0.0
796,31.565,0.0
797,31.533,0.0
798,31.404,0.0
799,31.211,0.0
800,31.211,0.0
801,31.146,0.0
802,30.953,0.0
803,30.889,0.0
804,30.889,0.0
805,30.76,0.0
806,30.566,0.0
807,30.631,0.0
808,30.566,0.0
809,30.276,0.0
810,30.244,0.0
811,30.115,0.0
812,29.922,0.0
813,29.954,0.0
814,29.922,0.0
815,29.729,0.0
816,29.632,0.0
817,29.6,0.0
818,29.6,0.0
819,29.567,0.0
820,29.406,0.0
821,29.31,0.0
822,29.277,0.0
823,29.245,0.0
824,29.084,0.0
825,29.02,0.0
826,28.955,0.0
827,28.826,0.0
828,28.762,0.0
829,28.633,0.0
830,28.601,0.0
831,28.568,0.0
832,28.439,0.0
833,28.407,0.0
834,28.375,0.0
835,28.311,0.0
836,28.246,0.0
837,28.246,0.0
838,28.053,0.0
839,27.988,0.0
840,27.988,0.0
841,27.988,0.0
842,27.956,0.0
843,27.859,0.0
844,27.698,0.0
845,27.666,0.0
846,27.698,0.0
847,27.473,0.0
848,27.376,0.0
849,27.344,0.0
850,27.344,0.0
851,27.344,0.0
852,27.247,0.0
853,27.215,0.0
854,27.021,0.0
855,27.021,0.0
856,27.054,0.0
857,26.925,0.0
858,26.957,0.0
859,26.699,0.0
860,26.699,0.0
861,26.699,0.0
862,26.699,0.0
863,26.667,0.0
864,26.441,0.0
865,26.474,0.0
866,26.409,0.0
867,26.377,0.0
868,26.377,0.0
869,26.28,0.0
870,26.345,0.0
871,26.151,0.0
872,26.055,0.0
873,26.055,0.0
874,26.055,0.0
875,26.055,0.0
876,25.99,0.0
877,25.861,0.0
878,25.861,0.0
879,26.216,1.0
880,26.216,1.0
881,26.022,1.0
882,26.119,1.0
883,26.119,1.0
884,25.861,1.0
885,26.119,1.0
886,25.99,1.0
887,25.829,1.0
888,26.055,1.0
889,25.894,1.0
890,26.087,1.0
891,26.022,1.0
892,26.087,1.0
893,26.248,1.0
894,26.119,1.0
895,26.313,1.0
896,26.538,1.0
897,26.474,1.0
898,26.506,1.0
899,26.796,1.0
900,26.925,1.0
901,26.893,1.0
902,27.118,1.0
903,27.247,1.0
904,27.279,1.0
905,27.602,1.0
906,27.666,1.0
907,27.795,1.0
908,28.021,1.0
909,28.149,1.0
910,28.407,1.0
911,28.601,1.0
912,28.697,1.0
913,28.826,1.0
914,29.245,1.0
915,29.342,1.0
916,29.406,1.0
917,29.761,1.0
918,29.89,1.0
919,30.18,1.0
920,30.438,1.0
921,30.438,1.0
922,30.824,1.0
923,31.082,1.0
924,30.921,1.0
925,31.404,1.0
926,31.727,1.0
927,31.727,1.0
928,31.952,1.0
929,32.049,1.0
930,32.339,1.0
931,32.5,1.0
932,32.887,1.0
933,33.048,1.0
934,33.273,1.0
935,33.435,1.0
936,33.725,1.0
937,33.982,1.0
938,34.015,1.0
939,34.111,1.0
940,34.272,1.0
941,34.53,1.0
942,34.691,1.0
943,34.885,1.0
944,35.336,1.0
945,35.304,1.0
946,35.497,1.0
947,35.626,1.0
948,35.723,1.0
949,35.884,1.0
950,36.271,1.0
951,36.593,1.0
952,36.657,1.0
953,36.883,1.0
954,37.044,1.0
955,37.334,1.0
956,37.688,1.0
957,37.753,1.0
958,38.075,1.0
959,38.172,1.0
960,38.301,1.0
961,38.526,1.0
962,38.849,1.0
963,38.945,1.0
964,39.268,1.0
965,39.525,1.0
966,39.654,1.0
967,39.944,1.0
968,40.267,1.0
969,40.492,1.0
970,40.653,1.0
971,41.008,1.0
972,41.104,1.0
973,41.266,1.0
974,41.233,1.0
975,41.427,1.0
976,41.717,1.0
977,41.813,1.0
978,41.975,1.0
979,42.104,1.0
980,42.2,1.0
981,42.49,1.0
982,42.813,1.0
983,43.103,1.0
984,43.231,1.0
985,43.328,1.0
986,43.586,1.0
987,43.747,1.0
988,43.683,1.0
989,43.876,1.0
990,43.908,1.0
991,44.23,1.0
992,44.327,1.0
993,44.424,1.0
994,44.359,1.0
995,44.456,1.0
996,44.682,1.0
997,44.617,1.0
998,44.843,1.0
999,44.972,1.0
1000,45.068,1.0
1001,45.004,1.0
1002,45.197,1.0
1003,45.262,1.0
1004,45.229,1.0
1005,45.358,1.0
1006,45.584,1.0
1007,45.648,1.0
1008,45.745,1.0
1009,45.971,1.0
1010,46.003,1.0
1011,45.971,1.0
1012,45.938,1.0
1013,46.164,1.0
1014,46.261,1.0
1015,46.39,1.0
1016,46.325,1.0
1017,46.647,1.0
1018,46.905,1.0
1019,46.809,1.0
1020,46.905,1.0
1021,47.195,1.0
1022,47.324,1.0
1023,47.292,1.0
1024,47.614,1.0
1025,47.679,1.0
1026,47.711,1.0
1027,47.904,1.0
1028,48.033,1.0
1029,48.033,1.0
1030,47.711,0.0
1031,47.969,0.0
1032,47.969,0.0
1033,48.033,0.0
1034,48.291,0.0
1035,48.291,0.0
1036,48.517,0.0
1037,48.613,0.0
1038,48.613,0.0
1039,48.613,0.0
1040,48.646,0.0
1041,48.936,0.0
1042,48.936,0.0
1043,48.936,0.0
1044,48.936,0.0
1045,48.936,0.0
1046,48.936,0.0
1047,48.936,0.0
1048,48.968,0.0
1049,48.968,0.0
1050,48.936,0.0
1051,48.936,0.0
1052,48.903,0.0
1053,48.742,0.0
1054,48.646,0.0
1055,48.613,0.0
1056,48.613,0.0
1057,48.484,0.0
1058,48.291,0.0
1059,48.033,0.0
1060,48.001,0.0
1061,47.969,0.0
1062,47.969,0.0
1063,47.679,0.0
1064,47.679,0.0
1065,47.614,0.0
1066,47.485,0.0
1067,47.324,0.0
1068,47.324,0.0
1069,47.26,0.0
1070,47.002,0.0
1071,46.97,0.0
1072,46.809,0.0
1073,46.68,0.0
1074,46.551,0.0
1075,46.39,0.0
1076,46.293,0.0
1077,46.067,0.0
1078,46.035,0.0
1079,45.713,0.0
1080,45.713,0.0
1081,45.487,0.0
1082,45.391,0.0
1083,45.133,0.0
1084,45.068,0.0
1085,44.746,0.0
1086,44.746,0.0
1087,44.456,0.0
1088,44.424,0.0
1089,44.23,0.0
1090,44.102,0.0
1091,44.005,0.0
1092,43.779,0.0
1093,43.618,0.0
1094,43.457,0.0
1095,43.264,0.0
1096,43.135,0.0
1097,42.941,0.0
1098,42.813,0.0
1099,42.716,0.0
1100,42.49,0.0
1101,42.394,0.0
1102,42.168,0.0
1103,42.104,0.0
1104,41.846,0.0
1105,41.523,0.0
1106,41.523,0.0
1107,41.298,0.0
1108,41.201,0.0
1109,40.911,0.0
1110,40.847,0.0
1111,40.557,0.0
1112,40.428,0.0
1113,40.234,0.0
1114,40.041,0.0
1115,39.944,0.0
1116,39.654,0.0
1117,39.59,0.0
1118,39.332,0.0
1119,39.268,0.0
1120,38.978,0.0
1121,38.945,0.0
1122,38.655,0.0
1123,38.623,0.0
1124,38.333,0.0
1125,38.301,0.0
1126,38.301,0.0
1127,37.979,0.0
1128,37.979,0.0
1129,37.785,0.0
1130,37.688,0.0
1131,37.656,0.0
1132,37.398,0.0
1133,37.334,0.0
1134,37.302,0.0
1135,37.108,0.0
1136,37.012,0.0
1137,36.915,0.0
1138,36.689,0.0
1139,36.625,0.0
1140,36.367,0.0
1141,36.399,0.0
1142,36.174,0.0
1143,36.045,0.0
1144,35.948,0.0
1145,35.723,0.0
1146,35.723,0.0
1147,35.4,0.0
1148,35.4,0.0
1149,35.336,0.0
1150,35.078,0.0
1151,35.046,0.0
1152,34.788,0.0
1153,34.756,0.0
1154,34.563,0.0
1155,34.434,0.0
1156,34.337,0.0
1157,34.144,0.0
1158,34.111,0.0
1159,33.854,0.0
1160,33.789,0.0
1161,33.725,0.0
1162,33.531,0.0
1163,33.531,0.0
1164,33.435,0.0
1165,33.145,0.0
1166,33.145,0.0
1167,32.983,0.0
1168,32.822,0.0
1169,32.854,0.0
1170,32.564,0.0
1171,32.5,0.0
1172,32.5,0.0
1173,32.5,0.0
1174,32.242,0.0
1175,32.178,0.0
1176,32.113,0.0
1177,31.855,0.0
1178,31.855,0.0
1179,31.823,0.0
1180,31.662,0.0
1181,31.437,0.0
1182,32.113,1.0
1183,31.823,1.0
1184,31.791,1.0
1185,31.727,1.0
1186,31.565,1.0
1187,31.533,1.0
1188,31.469,1.0
1189,31.533,1.0
1190,31.501,1.0
1191,31.146,1.0
1192,31.437,1.0
1193,31.437,1.0
1194,31.275,1.0
1195,31.308,1.0
1196,31.437,1.0
1197,31.34,1.0
1198,31.404,1.0
1199,31.372,1.0
1200,31.275,1.0
1201,31.179,1.0
1202,31.34,1.0
1203,31.211,1.0
1204,31.437,1.0
1205,31.533,1.0
1206,31.404,1.0
1207,31.598,1.0
1208,31.662,1.0
1209,31.759,1.0
1210,31.855,1.0
1211,32.049,1.0
1212,31.984,1.0
1213,32.081,1.0
1214,32.178,1.0
1215,32.339,1.0
1216,32.436,1.0
1217,32.726,1.0
1218,32.564,1.0
1219,32.854,1.0
1220,33.048,1.0
1221,33.016,1.0
1222,33.209,1.0
1223,33.37,1.0
1224,33.531,1.0
1225,33.725,1.0
1226,34.047,1.0
1227,34.176,1.0
1228,34.24,1.0
1229,34.401,1.0
1230,34.563,1.0
1231,34.691,1.0
1232,35.046,1.0
1233,35.078,1.0
1234,35.239,1.0
1235,35.433,1.0
1236,35.594,1.0
1237,35.884,1.0
1238,35.916,1.0
1239,36.238,1.0
1240,36.528,1.0
1241,36.786,1.0
1242,36.786,1.0
1243,37.173,1.0
1244,37.076,1.0
1245,37.463,1.0
1246,37.527,1.0
1247,37.753,1.0
1248,37.85,1.0
1249,38.011,1.0
1250,38.107,1.0
1251,38.43,1.0
1252,38.623,1.0
1253,38.688,1.0
1254,38.945,1.0
1255,39.3,1.0
1256,39.493,1.0
1257,39.558,1.0
1258,39.783,1.0
1259,39.977,1.0
1260,40.041,1.0
1261,40.234,1.0
1262,40.589,1.0
1263,40.847,1.0
1264,41.04,1.0
1265,41.104,1.0
1266,41.362,1.0
1267,41.427,1.0
1268,41.523,1.0
1269,41.781,1.0
1270,42.071,1.0
1271,42.039,1.0
1272,42.394,1.0
1273,42.394,1.0
1274,42.587,1.0
1275,42.587,1.0
1276,42.748,1.0
1277,42.974,1.0
1278,42.974,1.0
1279,43.264,1.0
1280,43.36,1.0
1281,43.457,1.0
1282,43.521,1.0
1283,43.908,1.0
1284,43.908,1.0
1285,44.102,1.0
1286,44.424,1.0
1287,44.424,1.0
1288,44.23,1.0
1289,44.682,1.0
1290,44.875,1.0
1291,44.843,1.0
1292,45.358,1.0
1293,45.326,1.0
1294,45.294,1.0
1295,45.616,1.0
1296,45.745,1.0
1297,45.81,1.0
1298,45.874,1.0
1299,46.1,1.0
1300,46.229,1.0
1301,46.325,1.0
1302,46.293,1.0
1303,46.454,1.0
1304,46.647,1.0
1305,46.454,1.0
1306,46.776,1.0
1307,46.905,1.0
1308,47.131,1.0
1309,47.292,1.0
1310,47.389,1.0
1311,47.356,1.0
1312,47.453,1.0
1313,47.55,1.0
1314,47.614,1.0
1315,47.775,1.0
1316,47.743,1.0
1317,47.937,1.0
1318,47.937,1.0
1319,48.13,1.0
1320,48.194,1.0
1321,48.227,1.0
1322,48.452,1.0
1323,48.613,1.0
1324,48.742,1.0
1325,48.774,1.0
1326,48.774,1.0
1327,49.129,1.0
1328,49.226,1.0
1329,49.193,1.0
1330,49.451,1.0
1331,49.419,1.0
1332,49.709,1.0
1333,49.58,1.0
1334,49.741,1.0
1335,49.773,1.0
1336,49.902,1.0
1337,50.096,1.0
1338,50.321,1.0
1339,50.354,1.0
1340,50.354,1.0
1341,50.482,1.0
1342,50.515,1.0
1343,50.676,1.0
1344,50.547,1.0
1345,50.805,1.0
1346,50.966,1.0
1347,51.063,1.0
1348,51.481,1.0
1349,51.32,1.0
1350,51.385,1.0
1351,51.288,1.0
1352,51.417,1.0
1353,51.61,1.0
1354,51.707,1.0
1355,51.9,1.0
1356,51.739,1.0
1357,51.739,1.0
1358,51.965,1.0
1359,51.965,1.0
1360,52.287,1.0
1361,52.126,1.0
1362,52.158,1.0
1363,52.223,1.0
1364,52.158,1.0
1365,52.448,1.0
1366,52.287,1.0
1367,52.577,1.0
1368,52.642,1.0
1369,52.642,1.0
1370,52.899,1.0
1371,53.061,1.0
1372,53.061,1.0
1373,52.899,1.0
1374,53.061,1.0
1375,53.125,1.0
1376,53.351,1.0
1377,53.383,1.0
1378,53.544,1.0
1379,53.737,1.0
1380,53.705,1.0
1381,53.866,1.0
1382,53.898,1.0
1383,54.221,1.0
1384,54.253,1.0
1385,54.092,1.0
1386,54.285,1.0
1387,54.479,1.0
1388,54.704,1.0
1389,54.479,1.0
1390,54.575,1.0
1391,54.833,1.0
1392,54.865,1.0
1393,55.026,1.0
1394,54.962,1.0
1395,55.123,1.0
1396,55.22,1.0
1397,55.091,1.0
1398,55.22,1.0
1399,55.381,1.0
1400,55.381,1.0
1401,55.316,1.0
1402,55.735,1.0
1403,55.735,1.0
1404,55.8,1.0
1405,56.154,1.0
1406,55.929,1.0
1407,56.219,1.0
1408,56.025,1.0
1409,55.961,1.0
1410,56.025,1.0
1411,56.122,1.0
1412,56.348,1.0
1413,56.251,1.0
1414,56.509,1.0
1415,56.025,1.0
1416,56.477,1.0
1417,56.734,1.0
1418,56.477,1.0
1419,56.412,1.0
1420,56.477,1.0
1421,56.412,1.0
1422,56.38,1.0
1423,56.573,1.0
1424,56.477,1.0
1425,56.444,1.0
1426,56.702,1.0
1427,56.477,1.0
1428,56.767,1.0
1429,56.767,1.0
1430,56.702,1.0
1431,56.67,1.0
1432,56.509,1.0
1433,56.638,1.0
1434,56.767,1.0
1435,56.702,1.0
1436,56.831,1.0
1437,56.573,1.0
1438,56.831,1.0
1439,56.831,1.0
1440,56.638,1.0
1441,56.638,1.0
1442,56.638,1.0
1443,56.799,1.0
1444,56.702,1.0
1445,56.992,1.0
1446,56.96,1.0
1447,57.25,1.0
1448,57.314,1.0
1449,57.186,1.0
1450,57.314,1.0
1451,57.379,1.0
1452,57.379,1.0
1453,57.443,1.0
1454,57.733,1.0
1455,57.153,0.0
1456,57.282,0.0
1457,57.314,0.0
1458,57.314,0.0
1459,57.314,0.0
1460,57.443,0.0
1461,57.476,0.0
1462,57.637,0.0
1463,57.572,0.0
1464,57.54,0.0
1465,57.604,0.0
1466,57.508,0.0
1467,57.411,0.0
1468,57.476,0.0
1469,57.476,0.0
1470,57.314,0.0
1471,57.314,0.0
1472,57.314,0.0
1473,57.314,0.0
1474,57.282,0.0
1475,57.25,0.0
1476,56.992,0.0
1477,56.992,0.0
1478,56.896,0.0
1479,56.702,0.0
1480,56.67,0.0
1481,56.638,0.0
1482,56.315,0.0
1483,56.283,0.0
1484,56.025,0.0
1485,55.768,0.0
1486,55.703,0.0
1487,55.606,0.0
1488,55.381,0.0
1489,55.316,0.0
1490,55.059,0.0
1491,54.801,0.0
1492,54.575,0.0
1493,54.35,0.0
1494,54.156,0.0
1495,54.092,0.0
1496,53.834,0.0
1497,53.673,0.0
1498,53.286,0.0
1499,53.125,0.0
1500,53.093,0.0
1501,52.803,0.0
1502,52.48,0.0
1503,52.223,0.0
1504,52.158,0.0
1505,51.836,0.0
1506,51.643,0.0
1507,51.514,0.0
1508,51.256,0.0
1509,51.063,0.0
1510,50.869,0.0
1511,50.644,0.0
1512,50.515,0.0
1513,50.257,0.0
1514,50.257,0.0
1515,49.902,0.0
1516,49.87,0.0
1517,49.58,0.0
1518,49.29,0.0
1519,49.29,0.0
1520,49.064,0.0
1521,48.936,0.0
1522,48.742,0.0
1523,48.613,0.0
1524,48.291,0.0
1525,48.065,0.0
1526,47.969,0.0
1527,47.711,0.0
1528,47.646,0.0
1529,47.324,0.0
1530,47.131,0.0
1531,47.002,0.0
1532,46.647,0.0
1533,46.519,0.0
1534,46.357,0.0
1535,46.067,0.0
1536,46.003,0.0
1537,45.681,0.0
1538,45.391,0.0
1539,45.326,0.0
1540,45.068,0.0
1541,45.004,0.0
1542,44.746,0.0
1543,44.682,0.0
1544,44.488,0.0
1545,44.424,0.0
1546,44.102,0.0
1547,44.102,0.0
1548,43.812,0.0
1549,43.747,0.0
1550,43.457,0.0
1551,43.457,0.0
1552,43.135,0.0
1553,43.006,0.0
1554,42.813,0.0
1555,42.748,0.0
1556,42.555,0.0
1557,42.394,0.0
1558,42.168,0.0
1559,42.007,0.0
1560,41.846,0.0
1561,41.813,0.0
1562,41.523,0.0
1563,41.362,0.0
1564,41.201,0.0
1565,41.104,0.0
1566,40.879,0.0
1567,40.911,0.0
1568,40.557,0.0
1569,40.524,0.0
1570,40.299,0.0
1571,39.977,0.0
1572,39.912,0.0
1573,39.751,0.0
1574,39.558,0.0
1575,39.268,0.0
1576,39.268,0.0
1577,38.945,0.0
1578,38.945,0.0
1579,38.688,0.0
1580,38.623,0.0
1581,38.333,0.0
1582,38.301,0.0
1583,38.043,0.0
1584,37.979,0.0
1585,37.656,0.0
1586,37.656,0.0
1587,37.431,0.0
1588,37.334,0.0
1589,37.173,0.0
1590,37.012,0.0
1591,36.818,0.0
1592,36.689,0.0
1593,36.593,0.0
1594,36.367,0.0
1595,36.335,0.0
1596,36.045,0.0
1597,36.045,0.0
1598,35.723,0.0
1599,35.723,0.0
1600,35.594,0.0
1601,35.4,0.0
1602,35.4,0.0
1603,35.368,0.0
1604,35.078,0.0
1605,35.078,0.0
1606,34.981,0.0
1607,34.756,0.0
1608,34.756,0.0
1609,34.53,0.0
1610,34.434,0.0
1611,34.434,0.0
1612,34.272,0.0
1613,34.176,0.0
1614,34.111,0.0
1615,33.918,0.0
1616,33.789,0.0
1617,33.789,0.0
1618,33.628,0.0
1619,33.499,0.0
1620,33.467,0.0
1621,33.306,0.0
1622,33.177,0.0
1623,33.145,0.0
1624,33.016,0.0
1625,32.919,0.0
1626,32.822,0.0
1627,32.79,0.0
1628,32.5,0.0
1629,32.5,0.0
1630,32.5,0.0
1631,32.242,0.0
1632,32.178,0.0
1633,31.984,0.0
1634,31.855,0.0
1635,31.823,0.0
1636,31.63,0.0
1637,31.533,0.0
1638,31.501,0.0
1639,31.275,0.0
1640,31.211,0.0
1641,31.211,0.0
1642,31.211,0.0
1643,30.985,0.0
1644,30.889,0.0
1645,30.856,0.0
1646,30.856,0.0
1647,30.599,0.0
1648,30.566,0.0
1649,30.566,0.0
1650,30.276,0.0
1651,30.244,0.0
1652,30.244,0.0
1653,30.147,0.0
1654,29.922,0.0
1655,29.922,0.0
1656,29.922,0.0
1657,29.793,0.0
1658,29.632,0.0
1659,29.6,0.0
1660,29.6,0.0
1661,29.374,0.0
1662,29.277,0.0
1663,29.277,0.0
1664,29.277,0.0
1665,29.02,0.0
1666,29.02,0.0
1667,28.987,0.0
1668,28.955,0.0
1669,28.826,0.0
1670,28.633,0.0
1671,28.633,0.0
1672,28.568,0.0
1673,28.504,0.0
1674,28.407,0.0
1675,28.343,0.0
1676,28.311,0.0
1677,28.311,0.0
1678,28.278,0.0
1679,28.053,0.0
1680,27.988,0.0
1681,27.988,0.0
1682,27.988,0.0
1683,27.73,0.0
1684,27.698,0.0
1685,27.666,0.0
1686,27.666,0.0
1687,27.666,0.0
1688,27.602,0.0
1689,27.44,0.0
1690,27.344,0.0
1691,27.344,0.0
1692,27.344,0.0
1693,27.376,0.0
1694,27.183,0.0
1695,27.118,0.0
1696,27.021,0.0
1697,27.021,0.0
1698,27.021,0.0
1699,27.021,0.0
1700,27.021,0.0
1701,26.925,0.0
1702,26.764,0.0
1703,26.699,0.0
1704,26.699,0.0
1705,26.699,0.0
1706,26.699,0.0
1707,26.538,0.0
1708,26.635,0.0
1709,26.441,0.0
1710,26.409,0.0
1711,26.377,0.0
1712,26.345,0.0
1713,26.248,0.0
1714,26.087,0.0
1715,26.055,0.0
1716,26.022,0.0
1717,25.958,0.0
1718,25.958,0.0
1719,25.765,0.0
1720,25.797,0.0
1721,25.732,0.0
1722,25.7,0.0
1723,25.507,0.0
1724,25.829,1.0
1725,25.829,1.0
1726,25.99,1.0
1727,25.861,1.0
1728,24.733,1.0
1729,25.861,1.0
1730,25.829,1.0
1731,25.571,1.0
1732,25.7,1.0
1733,25.668,1.0
1734,25.668,1.0
1735,25.732,1.0
1736,25.668,1.0
1737,25.668,1.0
1738,25.99,1.0
1739,25.732,1.0
1740,26.087,1.0
1741,26.087,1.0
1742,25.732,1.0
1743,26.119,1.0
1744,26.248,1.0
1745,26.216,1.0
1746,26.699,1.0
1747,26.409,1.0
1748,26.506,1.0
1749,26.925,1.0
1750,26.957,1.0
1751,27.054,1.0
1752,27.215,1.0
1753,27.376,1.0
1754,27.473,1.0
1755,27.763,1.0
1756,27.827,1.0
1757,27.73,1.0
1758,28.214,1.0
1759,28.407,1.0
1760,28.375,1.0
1761,28.601,1.0
1762,28.762,1.0
1763,28.955,1.0
1764,29.148,1.0
1765,29.406,1.0
1766,29.761,1.0
1767,29.793,1.0
1768,29.857,1.0
1769,30.276,1.0
1770,30.534,1.0
1771,30.663,1.0
1772,30.953,1.0
1773,31.114,1.0
1774,31.243,1.0
1775,31.437,1.0
1776,31.565,1.0
1777,31.791,1.0
1778,31.952,1.0
1779,32.21,1.0
1780,32.371,1.0
1781,32.532,1.0
1782,32.854,1.0
1783,33.016,1.0
1784,33.209,1.0
1785,33.273,1.0
1786,33.596,1.0
1787,33.66,1.0
1788,33.886,1.0
1789,33.95,1.0
1790,34.24,1.0
1791,34.53,1.0
1792,34.691,1.0
1793,34.917,1.0
1794,35.336,1.0
1795,35.207,1.0
1796,35.626,1.0
1797,35.948,1.0
1798,36.174,1.0
1799,36.174,1.0
1800,36.432,1.0
1801,36.754,1.0
1802,36.915,1.0
1803,36.947,1.0
1804,37.27,1.0
1805,37.527,1.0
1806,37.688,1.0
1807,37.817,1.0
1808,37.914,1.0
1809,37.979,1.0
1810,38.269,1.0
1811,38.494,1.0
1812,38.816,1.0
1813,38.688,1.0
1814,39.106,1.0
1815,39.364,1.0
1816,39.493,1.0
1817,39.461,1.0
1818,39.719,1.0
1819,39.977,1.0
1820,39.977,1.0
1821,40.331,1.0
1822,40.46,1.0
1823,40.428,1.0
1824,40.492,1.0
1825,40.814,1.0
1826,40.879,1.0
1827,40.976,1.0
1828,41.04,1.0
1829,41.362,1.0
1830,41.556,1.0
1831,41.556,1.0
1832,41.685,1.0
1833,41.975,1.0
1834,42.039,1.0
1835,42.071,1.0
1836,42.329,1.0
1837,42.458,1.0
1838,42.458,1.0
1839,42.522,1.0
1840,42.909,1.0
1841,43.07,1.0
1842,43.038,1.0
1843,43.393,1.0
1844,43.715,1.0
1845,43.586,1.0
1846,43.844,1.0
1847,44.005,1.0
1848,44.198,1.0
1849,44.263,1.0
1850,44.553,1.0
1851,44.649,1.0
1852,44.939,1.0
1853,44.811,1.0
1854,45.197,1.0
1855,45.294,1.0
1856,45.552,1.0
1857,45.552,1.0
1858,45.906,1.0
1859,46.1,1.0
1860,45.971,1.0
1861,46.196,1.0
1862,46.261,1.0
1863,46.132,1.0
1864,46.647,1.0
1865,46.809,1.0
1866,46.841,1.0
1867,47.163,1.0
1868,47.163,1.0
1869,47.485,1.0
1870,47.614,1.0
1871,47.711,1.0
1872,47.614,1.0
1873,47.937,1.0
1874,48.227,1.0
1875,48.388,1.0
1876,48.355,1.0
1877,48.613,1.0
1878,48.807,1.0
1879,48.968,1.0
1880,48.742,1.0
1881,49.161,1.0
1882,49.226,1.0
1883,49.161,1.0
1884,49.612,1.0
1885,49.612,1.0
1886,49.677,1.0
1887,49.838,1.0
1888,49.902,1.0
1889,49.967,1.0
1890,50.192,1.0
1891,50.031,1.0
1892,50.354,1.0
1893,50.321,1.0
1894,50.45,1.0
1895,50.289,1.0
1896,50.547,1.0
1897,50.708,1.0
1898,50.611,1.0
1899,50.998,1.0
1900,50.869,1.0
1901,50.934,1.0
1902,50.837,1.0
1903,51.03,1.0
1904,51.256,1.0
1905,51.288,1.0
1906,51.385,1.0
1907,51.32,1.0
1908,51.578,1.0
1909,51.481,1.0
1910,51.514,1.0
1911,51.9,1.0
1912,51.9,1.0
1913,52.062,1.0
1914,51.9,1.0
1915,51.997,1.0
1916,52.094,1.0
1917,51.997,1.0
1918,52.384,1.0
1919,52.223,1.0
1920,52.287,1.0
1921,52.352,1.0
1922,52.448,1.0
1923,52.513,1.0
1924,52.609,1.0
1925,52.352,1.0
1926,52.48,1.0
1927,52.642,1.0
1928,52.609,1.0
1929,52.738,1.0
1930,52.964,1.0
1931,52.899,1.0
1932,52.964,1.0
1933,52.867,1.0
1934,52.835,1.0
1935,53.061,1.0
1936,52.932,1.0
1937,53.125,1.0
1938,53.318,1.0
1939,53.351,1.0
1940,53.254,1.0
1941,53.318,1.0
1942,53.415,1.0
1943,53.512,1.0
1944,53.737,1.0
1945,53.737,1.0
1946,53.834,1.0
1947,53.931,1.0
1948,53.995,1.0
1949,54.382,1.0
1950,54.221,1.0
1951,54.317,1.0
1952,54.479,1.0
1953,54.511,1.0
1954,54.575,1.0
1955,54.575,1.0
1956,54.801,1.0
1957,54.736,1.0
1958,55.091,1.0
1959,54.994,1.0
1960,55.252,1.0
1961,55.188,1.0
1962,55.252,1.0
1963,55.381,1.0
1964,55.188,1.0
1965,55.413,1.0
1966,55.478,1.0
1967,55.51,1.0
1968,55.8,1.0
1969,55.51,1.0
1970,55.51,1.0
1971,55.606,1.0
1972,55.8,1.0
1973,55.349,1.0
1974,55.832,1.0
1975,55.8,1.0
1976,55.703,1.0
1977,55.896,1.0
1978,55.896,1.0
1979,55.832,1.0
1980,55.929,1.0
1981,55.832,1.0
1982,56.058,1.0
1983,56.154,1.0
1984,55.896,0.0
1985,56.058,0.0
1986,56.219,0.0
1987,56.348,0.0
1988,56.187,0.0
1989,56.154,0.0
1990,56.219,0.0
1991,56.283,0.0
1992,56.283,0.0
1993,56.09,0.0
1994,56.187,0.0
1995,56.058,0.0
1996,56.025,0.0
1997,56.025,0.0
1998,55.961,0.0
1999,55.896,0.0
2000,55.8,0.0
2001,55.768,0.0
2002,55.671,0.0
2003,55.671,0.0
2004,55.381,0.0
2005,55.381,0.0
2006,55.284,0.0
2007,55.059,0.0
2008,54.994,0.0
2009,54.736,0.0
2010,54.736,0.0
2011,54.446,0.0
2012,54.414,0.0
2013,54.414,0.0
2014,54.414,0.0
2015,54.156,0.0
2016,54.124,0.0
2017,54.092,0.0
2018,54.027,0.0
2019,53.866,0.0
2020,53.77,0.0
2021,53.802,0.0
2022,53.608,0.0
2023,53.447,0.0
2024,53.447,0.0
2025,53.157,0.0
2026,53.125,0.0
2027,52.899,0.0
2028,52.738,0.0
2029,52.48,0.0
2030,52.448,0.0
2031,52.158,0.0
2032,52.126,0.0
2033,51.836,0.0
2034,51.578,0.0
2035,51.514,0.0
2036,51.256,0.0
2037,50.998,0.0
2038,50.869,0.0
2039,50.837,0.0
2040,50.547,0.0
2041,50.257,0.0
2042,50.257,0.0
2043,49.902,0.0
2044,49.806,0.0
2045,49.58,0.0
2046,49.516,0.0
2047,49.29,0.0
2048,49.064,0.0
2049,48.936,0.0
2050,48.742,0.0
2051,48.613,0.0
2052,48.484,0.0
2053,48.227,0.0
2054,47.969,0.0
2055,47.679,0.0
2056,47.614,0.0
2057,47.324,0.0
2058,47.099,0.0
2059,46.905,0.0
2060,46.68,0.0
2061,46.519,0.0
2062,46.357,0.0
2063,46.1,0.0
2064,46.067,0.0
2065,45.713,0.0
2066,45.455,0.0
2067,45.358,0.0
2068,45.068,0.0
2069,44.778,0.0
2070,44.714,0.0
2071,44.424,0.0
2072,44.198,0.0
2073,44.102,0.0
2074,43.973,0.0
2075,43.747,0.0
2076,43.457,0.0
2077,43.264,0.0
2078,43.135,0.0
2079,42.813,0.0
2080,42.78,0.0
2081,42.716,0.0
2082,42.49,0.0
2083,42.458,0.0
2084,42.297,0.0
2085,42.168,0.0
2086,41.846,0.0
2087,41.846,0.0
2088,41.362,0.0
2089,41.523,0.0
2090,41.362,0.0
2091,41.201,0.0
2092,41.04,0.0
2093,40.879,0.0
2094,40.653,0.0
2095,40.557,0.0
2096,40.267,0.0
2097,40.202,0.0
2098,39.944,0.0
2099,39.912,0.0
2100,39.622,0.0
2101,39.622,0.0
2102,39.042,0.0
2103,39.235,0.0
2104,38.978,0.0
2105,38.945,0.0
2106,38.816,0.0
2107,38.623,0.0
2108,38.462,0.0
2109,38.397,0.0
2110,38.301,0.0
2111,38.043,0.0
2112,37.979,0.0
2113,37.882,0.0
2114,37.656,0.0
2115,37.656,0.0
2116,37.624,0.0
2117,37.366,0.0
2118,37.302,0.0
2119,37.108,0.0
2120,37.012,0.0
2121,36.947,0.0
2122,36.754,0.0
2123,36.657,0.0
2124,36.432,0.0
2125,36.367,0.0
2126,36.303,0.0
2127,36.109,0.0
2128,36.045,0.0
2129,35.98,0.0
2130,35.819,0.0
2131,35.69,0.0
2132,35.465,0.0
2133,35.433,0.0
2134,35.207,0.0
2135,35.078,0.0
2136,34.949,0.0
2137,34.82,0.0
2138,34.659,0.0
2139,34.434,0.0
2140,34.434,0.0
2141,34.369,0.0
2142,34.176,0.0
2143,34.111,0.0
2144,33.982,0.0
2145,33.789,0.0
2146,33.789,0.0
2147,33.628,0.0
2148,33.499,0.0
2149,33.467,0.0
2150,33.402,0.0
2151,33.338,0.0
2152,33.145,0.0
2153,33.209,0.0
2154,33.112,0.0
2155,32.854,0.0
2156,32.822,0.0
2157,32.79,0.0
2158,32.532,0.0
2159,32.532,0.0
2160,32.532,0.0
2161,32.436,0.0
2162,32.274,0.0
2163,32.178,0.0
2164,32.081,0.0
2165,31.952,0.0
2166,31.855,0.0
2167,31.855,0.0
2168,31.598,0.0
2169,31.533,0.0
2170,31.565,0.0
2171,31.275,0.0
2172,31.211,0.0
2173,31.114,0.0
2174,30.856,0.0
2175,30.889,0.0
2176,30.76,0.0
2177,30.566,0.0
2178,30.566,0.0
2179,30.47,0.0
2180,30.341,0.0
2181,30.276,0.0
2182,30.18,0.0
2183,29.922,0.0
2184,29.922,0.0
2185,29.922,0.0
2186,29.89,0.0
2187,29.6,0.0
2188,29.6,0.0
2189,29.6,0.0
2190,29.503,0.0
2191,29.342,0.0
2192,29.342,0.0
2193,29.277,0.0
2194,29.213,0.0
2195,29.02,0.0
2196,28.955,0.0
2197,28.955,0.0
2198,28.923,0.0
2199,28.729,0.0
2200,28.633,0.0
2201,28.633,0.0
2202,28.601,0.0
2203,28.472,0.0
2204,28.407,0.0
2205,28.311,0.0
2206,28.311,0.0
2207,28.085,0.0
2208,28.021,0.0
2209,27.988,0.0
2210,27.956,0.0
2211,27.892,0.0
2212,27.666,0.0
2213,27.698,0.0
2214,27.666,0.0
2215,27.666,0.0
2216,27.569,0.0
2217,27.408,0.0
2218,27.344,0.0
2219,27.344,0.0
2220,27.344,0.0
2221,27.344,0.0
2222,27.312,0.0
2223,27.505,1.0
2224,27.666,1.0
2225,27.602,1.0
2226,27.408,1.0
2227,27.44,1.0
2228,27.569,1.0
2229,27.247,1.0
2230,27.279,1.0
2231,27.312,1.0
2232,27.183,1.0
2233,27.376,1.0
2234,27.15,1.0
2235,27.312,1.0
2236,27.344,1.0
2237,27.054,1.0
2238,27.376,1.0
2239,27.44,1.0
2240,27.473,1.0
2241,27.408,1.0
2242,27.505,1.0
2243,27.505,1.0
2244,27.795,1.0
2245,27.859,1.0
2246,27.73,1.0
2247,27.988,1.0
2248,28.053,1.0
2249,28.021,1.0
2250,28.278,1.0
2251,28.439,1.0
2252,28.504,1.0
2253,28.568,1.0
2254,28.665,1.0
2255,28.891,1.0
2256,29.116,1.0
2257,29.02,1.0
2258,29.374,1.0
2259,29.503,1.0
2260,29.471,1.0
2261,29.761,1.0
2262,29.922,1.0
2263,30.051,1.0
2264,30.373,1.0
2265,30.405,1.0
2266,30.502,1.0
2267,30.889,1.0
2268,31.114,1.0
2269,30.985,1.0
2270,31.404,1.0
2271,31.63,1.0
2272,31.727,1.0
2273,31.952,1.0
2274,32.113,1.0
2275,32.307,1.0
2276,32.403,1.0
2277,32.79,1.0
2278,33.048,1.0
2279,32.822,1.0
2280,33.306,1.0
2281,33.499,1.0
2282,33.467,1.0
2283,33.886,1.0
2284,34.111,1.0
2285,34.337,1.0
2286,34.466,1.0
2287,34.724,1.0
2288,34.853,1.0
2289,35.271,1.0
2290,35.271,1.0
2291,35.433,1.0
2292,35.755,1.0
2293,35.948,1.0
2294,36.109,1.0
2295,36.335,1.0
2296,36.689,1.0
2297,36.657,1.0
2298,36.851,1.0
2299,37.141,1.0
2300,37.302,1.0
2301,37.527,1.0
2302,37.817,1.0
2303,37.946,1.0
2304,38.236,1.0
2305,38.397,1.0
2306,38.43,1.0
2307,38.688,1.0
2308,38.816,1.0
2309,39.074,1.0
2310,39.074,1.0
2311,39.332,1.0
2312,39.364,1.0
2313,39.59,1.0
2314,39.944,1.0
2315,40.105,1.0
2316,40.363,1.0
2317,40.428,1.0
2318,40.524,1.0
2319,40.718,1.0
2320,41.072,1.0
2321,41.427,1.0
2322,41.233,1.0
2323,41.523,1.0
2324,41.749,1.0
2325,42.007,1.0
2326,41.91,1.0
2327,42.297,1.0
2328,42.522,1.0
2329,42.619,1.0
2330,42.813,1.0
2331,43.103,1.0
2332,43.135,1.0
2333,43.264,1.0
2334,43.425,1.0
2335,43.521,1.0
2336,43.457,1.0
2337,43.715,1.0
2338,43.747,1.0
2339,44.037,1.0
2340,44.005,1.0
2341,44.102,1.0
2342,44.327,1.0
2343,44.327,1.0
2344,44.585,1.0
2345,44.617,1.0
2346,44.649,1.0
2347,44.972,1.0
2348,44.875,1.0
2349,45.036,1.0
2350,45.229,1.0
2351,45.358,1.0
2352,45.455,1.0
2353,45.842,1.0
2354,45.777,1.0
2355,45.842,1.0
2356,45.906,1.0
2357,46.261,1.0
2358,46.261,1.0
2359,46.454,1.0
2360,46.519,1.0
2361,46.809,1.0
2362,46.841,1.0
2363,46.809,1.0
2364,47.066,1.0
2365,47.26,1.0
2366,47.55,1.0
2367,47.679,1.0
2368,47.646,1.0
2369,47.808,1.0
2370,47.775,1.0
2371,48.194,1.0
2372,48.259,1.0
2373,48.355,1.0
2374,48.355,1.0
2375,48.388,1.0
2376,48.388,1.0
2377,48.71,1.0
2378,48.871,1.0
2379,48.742,1.0
2380,48.903,1.0
2381,49.161,1.0
2382,49.226,1.0
2383,49.419,1.0
2384,49.451,1.0
2385,49.709,1.0
2386,49.806,1.0
2387,49.773,1.0
2388,49.806,1.0
2389,49.935,1.0
2390,50.031,1.0
2391,50.289,1.0
2392,50.257,1.0
2393,50.257,1.0
2394,50.354,1.0
2395,50.289,1.0
2396,50.515,1.0
2397,50.579,1.0
2398,50.74,1.0
2399,50.611,1.0
2400,50.644,1.0
2401,50.869,1.0
2402,50.869,1.0
2403,51.03,1.0
2404,50.934,1.0
2405,50.998,1.0
2406,51.127,1.0
2407,51.32,1.0
2408,51.449,1.0
2409,51.288,1.0
2410,51.385,1.0
2411,51.481,1.0
2412,51.32,1.0
2413,51.288,1.0
2414,51.481,1.0
2415,51.643,1.0
2416,51.578,1.0
2417,51.739,1.0
2418,52.029,1.0
2419,51.933,1.0
2420,52.126,1.0
2421,52.029,1.0
2422,52.094,1.0
2423,52.255,1.0
2424,52.287,1.0
2425,52.513,1.0
2426,52.545,1.0
2427,52.674,1.0
2428,52.706,1.0
2429,52.964,1.0
2430,52.899,1.0
2431,52.867,1.0
2432,52.867,1.0
2433,52.996,1.0
2434,53.222,1.0
2435,53.157,1.0
2436,53.254,1.0
2437,53.383,1.0
2438,53.254,1.0
2439,53.608,1.0
2440,53.512,1.0
2441,53.447,1.0
2442,53.544,1.0
2443,53.802,1.0
2444,53.898,1.0
2445,53.77,1.0
2446,53.77,1.0
2447,53.866,1.0
2448,54.285,1.0
2449,54.221,1.0
2450,54.188,1.0
2451,54.317,1.0
2452,54.35,1.0
2453,54.511,1.0
2454,54.479,1.0
2455,54.704,1.0
2456,54.64,1.0
2457,54.672,1.0
2458,54.704,1.0
2459,54.736,1.0
2460,54.93,1.0
2461,54.865,1.0
2462,54.833,1.0
2463,55.123,1.0
2464,54.962,1.0
2465,54.833,1.0
2466,54.865,1.0
2467,55.252,1.0
2468,55.059,1.0
2469,55.059,1.0
2470,55.188,1.0
2471,55.026,1.0
2472,55.155,1.0
2473,55.059,1.0
2474,55.22,1.0
2475,55.091,1.0
2476,54.897,1.0
2477,55.123,1.0
2478,55.059,1.0
2479,55.22,1.0
2480,55.188,1.0
2481,55.316,1.0
2482,54.962,0.0
2483,54.994,0.0
2484,55.059,0.0
2485,55.059,0.0
2486,55.155,0.0
2487,55.349,0.0
2488,55.349,0.0
2489,55.349,0.0
2490,55.252,0.0
2491,55.316,0.0
2492,55.284,0.0
2493,55.188,0.0
2494,55.349,0.0
2495,55.059,0.0
2496,55.059,0.0
2497,55.059,0.0
2498,55.091,0.0
2499,55.059,0.0
2500,54.93,0.0
2501,54.801,0.0
2502,54.736,0.0
2503,54.736,0.0
2504,54.672,0.0
2505,54.414,0.0
2506,54.253,0.0
2507,54.221,0.0
2508,54.124,0.0
2509,54.06,0.0
2510,53.802,0.0
2511,53.77,0.0
2512,53.512,0.0
2513,53.447,0.0
2514,53.318,0.0
2515,53.125,0.0
2516,53.125,0.0
2517,52.932,0.0
2518,52.803,0.0
2519,52.803,0.0
2520,52.545,0.0
2521,52.448,0.0
2522,52.158,0.0
2523,52.029,0.0
2524,51.868,0.0
2525,51.804,0.0
2526,51.514,0.0
2527,51.353,0.0
2528,51.191,0.0
2529,50.901,0.0
2530,50.805,0.0
2531,50.547,0.0
2532,50.547,0.0
2533,50.225,0.0
2534,50.031,0.0
2535,49.87,0.0
2536,49.612,0.0
2537,49.354,0.0
2538,49.258,0.0
2539,49.129,0.0
2540,48.936,0.0
2541,48.613,0.0
2542,48.581,0.0
2543,48.291,0.0
2544,48.033,0.0
2545,47.937,0.0
2546,47.646,0.0
2547,47.518,0.0
2548,47.324,0.0
2549,47.099,0.0
2550,46.97,0.0
2551,46.68,0.0
2552,46.357,0.0
2553,46.196,0.0
2554,46.035,0.0
2555,45.81,0.0
2556,45.713,0.0
2557,45.423,0.0
2558,45.326,0.0
2559,45.068,0.0
2560,45.004,0.0
2561,44.746,0.0
2562,44.488,0.0
2563,44.424,0.0
2564,44.166,0.0
2565,44.102,0.0
2566,43.876,0.0
2567,43.779,0.0
2568,43.683,0.0
2569,43.457,0.0
2570,43.393,0.0
2571,43.135,0.0
2572,43.038,0.0
2573,42.813,0.0
2574,42.78,0.0
2575,42.522,0.0
2576,42.49,0.0
2577,42.232,0.0
2578,42.136,0.0
2579,41.91,0.0
2580,41.846,0.0
2581,41.62,0.0
2582,41.491,0.0
2583,41.104,0.0
2584,41.137,0.0
2585,40.976,0.0
2586,40.847,0.0
2587,40.589,0.0
2588,40.557,0.0
2589,40.234,0.0
2590,40.234,0.0
2591,40.041,0.0
2592,39.912,0.0
2593,39.783,0.0
2594,39.59,0.0
2595,39.461,0.0
2596,39.364,0.0
2597,39.268,0.0
2598,38.978,0.0
2599,38.945,0.0
2600,38.72,0.0
2601,38.623,0.0
2602,38.397,0.0
2603,38.301,0.0
2604,38.236,0.0
2605,37.979,0.0
2606,37.979,0.0
2607,37.817,0.0
2608,37.656,0.0
2609,37.624,0.0
2610,37.334,0.0
2611,37.334,0.0
2612,37.141,0.0
2613,37.012,0.0
2614,36.883,0.0
2615,36.722,0.0
2616,36.722,0.0
2617,36.496,0.0
2618,36.399,0.0
2619,36.367,0.0
2620,36.142,0.0
2621,36.013,0.0
2622,35.916,0.0
2623,35.723,0.0
2624,35.69,0.0
2625,35.4,0.0
2626,35.465,0.0
2627,35.304,0.0
2628,35.078,0.0
2629,34.949,0.0
2630,34.756,0.0
2631,34.756,0.0
2632,34.434,0.0
2633,34.434,0.0
2634,34.305,0.0
2635,34.111,0.0
2636,34.111,0.0
2637,33.918,0.0
2638,33.789,0.0
2639,33.757,0.0
2640,33.499,0.0
2641,33.467,0.0
2642,33.37,0.0
2643,33.145,0.0
2644,33.016,0.0
2645,32.822,0.0
2646,32.822,0.0
2647,32.822,0.0
2648,32.532,0.0
2649,32.532,0.0
2650,32.436,0.0
2651,32.274,0.0
2652,32.178,0.0
2653,32.146,0.0
2654,31.888,0.0
2655,31.855,0.0
2656,31.855,0.0
2657,31.791,0.0
2658,31.533,0.0
2659,31.533,0.0
2660,31.533,0.0
2661,31.437,0.0
2662,31.211,0.0
2663,31.211,0.0
2664,31.211,0.0
2665,31.05,0.0
2666,30.889,0.0
2667,30.889,0.0
2668,30.856,0.0
2669,30.599,0.0
2670,30.599,0.0
2671,30.566,0.0
2672,30.566,0.0
2673,30.309,0.0
2674,30.309,0.0
2675,30.276,0.0
2676,30.244,0.0
2677,30.115,0.0
2678,29.922,0.0
2679,29.922,0.0
2680,29.793,0.0
2681,29.6,0.0
2682,29.6,0.0
2683,29.6,0.0
2684,29.471,0.0
2685,29.31,0.0
2686,29.342,0.0
2687,29.277,0.0
2688,29.213,0.0
2689,29.181,0.0
2690,29.148,0.0
2691,28.987,0.0
2692,28.955,0.0
2693,28.955,0.0
2694,28.891,0.0
2695,28.729,0.0
2696,28.665,0.0
2697,28.633,0.0
2698,28.633,0.0
2699,28.536,0.0
2700,28.472,0.0
2701,28.343,0.0
2702,28.311,0.0
2703,28.246,0.0
2704,28.311,0.0
2705,28.085,0.0
2706,28.021,0.0
2707,27.956,0.0
2708,27.956,0.0
2709,27.956,0.0
2710,27.763,0.0
2711,27.666,0.0
2712,27.666,0.0
2713,27.666,0.0
2714,27.634,0.0
2715,27.537,0.0
2716,27.376,0.0
2717,27.344,0.0
2718,27.344,0.0
2719,27.312,0.0
2720,27.279,0.0
2721,27.118,0.0
2722,27.021,0.0
2723,27.021,0.0
2724,27.021,0.0
2725,27.021,0.0
2726,26.828,0.0
2727,26.699,0.0
2728,26.699,0.0
2729,26.667,0.0
2730,26.699,0.0
2731,26.667,0.0
2732,26.474,0.0
2733,26.409,0.0
2734,26.377,0.0
2735,26.377,0.0
2736,26.377,0.0
2737,26.313,0.0
2738,26.313,0.0
2739,26.119,0.0
2740,26.087,0.0
2741,26.087,0.0
2742,26.055,0.0
2743,26.055,0.0
2744,26.474,1.0
2745,26.538,1.0
2746,26.377,1.0
2747,26.248,1.0
2748,26.313,1.0
2749,26.409,1.0
2750,26.184,1.0
2751,26.248,1.0
2752,26.184,1.0
2753,26.184,1.0
2754,26.345,1.0
2755,26.248,1.0
2756,26.216,1.0
2757,26.57,1.0
2758,26.506,1.0
2759,26.409,1.0
2760,26.506,1.0
2761,26.699,1.0
2762,26.667,1.0
2763,26.828,1.0
2764,26.86,1.0
2765,27.118,1.0
2766,27.215,1.0
2767,27.247,1.0
2768,27.473,1.0
2769,27.569,1.0
2770,27.537,1.0
2771,27.698,1.0
2772,27.924,1.0
2773,27.956,1.0
2774,28.278,1.0
2775,28.311,1.0
2776,28.375,1.0
2777,28.729,1.0
2778,28.858,1.0
2779,28.762,1.0
2780,29.181,1.0
2781,29.406,1.0
2782,29.374,1.0
2783,29.6,1.0
2784,29.825,1.0
2785,30.115,1.0
2786,30.147,1.0
2787,30.373,1.0
2788,30.663,1.0
2789,30.728,1.0
2790,30.889,1.0
2791,31.146,1.0
2792,31.437,1.0
2793,31.437,1.0
2794,31.791,1.0
2795,31.984,1.0
2796,32.081,1.0
2797,32.371,1.0
2798,32.564,1.0
2799,32.5,1.0
2800,32.919,1.0
2801,32.951,1.0
2802,33.273,1.0
2803,33.241,1.0
2804,33.628,1.0
2805,33.725,1.0
2806,33.95,1.0
2807,34.176,1.0
2808,34.627,1.0
2809,34.595,1.0
2810,34.949,1.0
2811,35.207,1.0
2812,35.207,1.0
2813,35.529,1.0
2814,35.852,1.0
2815,35.948,1.0
2816,36.045,1.0
2817,36.271,1.0
2818,36.561,1.0
2819,36.496,1.0
2820,36.786,1.0
2821,37.076,1.0
2822,37.141,1.0
2823,37.431,1.0
2824,37.656,1.0
2825,37.914,1.0
2826,38.043,1.0
2827,38.107,1.0
2828,38.236,1.0
2829,38.559,1.0
2830,38.752,1.0
2831,38.752,1.0
2832,39.074,1.0
2833,39.203,1.0
2834,39.396,1.0
2835,39.429,1.0
2836,39.88,1.0
2837,40.009,1.0
2838,39.977,1.0
2839,40.267,1.0
2840,40.428,1.0
2841,40.686,1.0
2842,40.557,1.0
2843,41.072,1.0
2844,41.008,1.0
2845,41.266,1.0
2846,41.395,1.0
2847,41.652,1.0
2848,41.685,1.0
2849,41.813,1.0
2850,42.136,1.0
2851,42.329,1.0
2852,42.361,1.0
2853,42.555,1.0
2854,42.684,1.0
2855,42.458,1.0
2856,42.877,1.0
2857,43.006,1.0
2858,43.167,1.0
2859,43.264,1.0
2860,43.264,1.0
2861,43.425,1.0
2862,43.779,1.0
2863,43.65,1.0
2864,43.779,1.0
2865,44.069,1.0
2866,44.327,1.0
2867,44.166,1.0
2868,44.424,1.0
2869,44.488,1.0
2870,44.714,1.0
2871,44.617,1.0
2872,44.843,1.0
2873,44.875,1.0
2874,45.036,1.0
2875,44.972,1.0
2876,45.197,1.0
2877,45.455,1.0
2878,45.552,1.0
2879,45.552,1.0
2880,45.681,1.0
2881,45.745,1.0
2882,45.874,1.0
2883,46.035,1.0
2884,45.874,1.0
2885,46.196,1.0
2886,46.422,1.0
2887,46.583,1.0
2888,46.551,1.0
2889,46.712,1.0
2890,46.841,1.0
2891,47.034,1.0
2892,47.099,1.0
2893,47.356,1.0
2894,47.55,1.0
2895,47.711,1.0
2896,47.872,1.0
2897,47.808,1.0
2898,48.065,1.0
2899,48.13,1.0
2900,48.227,1.0
2901,48.259,1.0
2902,48.517,1.0
2903,48.678,1.0
2904,48.742,1.0
2905,48.839,1.0
2906,49.064,1.0
2907,49.193,1.0
2908,49.258,1.0
2909,49.387,1.0
2910,49.548,1.0
2911,49.838,1.0
2912,49.677,1.0
2913,49.741,1.0
2914,50.128,1.0
2915,49.967,1.0
2916,50.096,1.0
2917,50.225,1.0
2918,50.192,1.0
2919,50.515,1.0
2920,50.418,1.0
2921,50.386,1.0
2922,50.708,1.0
2923,50.676,1.0
2924,50.676,1.0
2925,50.869,1.0
2926,50.966,1.0
2927,50.901,1.0
2928,50.998,1.0
2929,51.256,1.0
2930,51.32,1.0
2931,51.353,1.0
2932,51.417,1.0
2933,51.771,1.0
2934,51.643,1.0
2935,51.707,1.0
2936,51.933,1.0
2937,51.997,1.0
2938,52.062,1.0
2939,52.062,1.0
2940,51.997,1.0
2941,52.158,1.0
2942,52.287,1.0
2943,52.255,1.0
2944,52.223,1.0
2945,52.545,1.0
2946,52.126,0.0
2947,52.158,0.0
2948,52.158,0.0
2949,52.19,0.0
2950,52.223,0.0
2951,52.384,0.0
2952,52.319,0.0
2953,52.352,0.0
2954,52.352,0.0
2955,52.287,0.0
2956,52.352,0.0
2957,52.48,0.0
2958,52.319,0.0
2959,52.287,0.0
2960,52.384,0.0
2961,52.448,0.0
2962,52.448,0.0
2963,52.352,0.0
2964,52.416,0.0
2965,52.448,0.0
2966,52.352,0.0
2967,52.158,0.0
2968,52.158,0.0
2969,52.158,0.0
2970,52.158,0.0
2971,52.062,0.0
2972,51.868,0.0
2973,51.868,0.0
2974,51.804,0.0
2975,51.675,0.0
2976,51.546,0.0
2977,51.514,0.0
2978,51.224,0.0
2979,51.191,0.0
2980,50.901,0.0
2981,50.869,0.0
2982,50.837,0.0
2983,50.547,0.0
2984,50.547,0.0
2985,50.515,0.0
2986,50.257,0.0
2987,50.192,0.0
2988,49.902,0.0
2989,49.902,0.0
2990,49.612,0.0
2991,49.548,0.0
2992,49.258,0.0
2993,49.129,0.0
2994,48.936,0.0
2995,48.936,0.0
2996,48.646,0.0
2997,48.613,0.0
2998,48.355,0.0
2999,48.291,0.0
